{"cameraMode":{"drawMode":0,"name":"Shaded","section":"Shading Mode"},"sceneLighting":true,"audioPlay":false,"sceneViewState":{"m_AlwaysRefresh":false,"showFog":true,"showSkybox":true,"showFlares":true,"showImageEffects":true,"showParticleSystems":true,"showVisualEffectGraphs":true,"m_FxEnabled":true},"in2DMode":false,"pivot":{"x":3.9614639282226564,"y":-1.1212778091430665,"z":-2.2042155265808107},"rotation":{"x":-0.17046760022640229,"y":-0.8023113012313843,"z":0.27099430561065676,"w":-0.5042451620101929},"size":8.795526504516602,"orthographic":false}