{"cameraMode":{"drawMode":0,"name":"Shaded","section":"Shading Mode"},"sceneLighting":true,"audioPlay":false,"sceneViewState":{"m_AlwaysRefresh":false,"showFog":true,"showSkybox":true,"showFlares":true,"showImageEffects":true,"showParticleSystems":true,"showVisualEffectGraphs":true,"m_FxEnabled":true},"in2DMode":false,"pivot":{"x":499.8163757324219,"y":228.046630859375,"z":-172.11590576171876},"rotation":{"x":-0.04138706251978874,"y":0.0008392680319957435,"z":0.00256271380931139,"w":0.9996472001075745},"size":161.8567657470703,"orthographic":false}