{"cameraMode":{"drawMode":0,"name":"Shaded","section":"Shading Mode"},"sceneLighting":true,"audioPlay":false,"sceneViewState":{"m_AlwaysRefresh":false,"showFog":true,"showSkybox":true,"showFlares":true,"showImageEffects":true,"showParticleSystems":true,"showVisualEffectGraphs":true,"m_FxEnabled":true},"in2DMode":false,"pivot":{"x":50.57741165161133,"y":-57.10984802246094,"z":90.26795959472656},"rotation":{"x":0.2947925627231598,"y":-0.008402875624597073,"z":0.005191689822822809,"w":0.9560441374778748},"size":121.90113067626953,"orthographic":false}